{
  "self": 0.8740231376576493,
  "child_of": 0.4233776449839021,
  "_random_mean": 0.11898514037699502,
  "parent": 0.4233776449839021
}